ID,prediction
28800,-0.17542365327698717
28801,0.08355481327038192
28802,-0.25920184048091877
